<?xml version="1.0"?>
<!DOCTYPE mycat:schema SYSTEM "schema.dtd">
<mycat:schema xmlns:mycat="http://io.mycat/">
	<schema name="TESTDB" checkSQLschema="false" sqlMaxLimit="100">
		<!-- auto sharding by id (long) -->
		<table name="user" primaryKey="id" dataNode="dn01,dn02" rule="rule1" />
	</schema>
	
	<dataNode name="dn01" dataHost="dh01" database="db01" />
	<dataNode name="dn02" dataHost="dh01" database="db02" />
	<dataHost name="dh01" maxCon="1000" minCon="10" balance="0"
			  writeType="0" dbType="mysql" dbDriver="native">
		<heartbeat>select user()</heartbeat>
		<writeHost host="hostS1" url="localhost:3306" user="root"
				   password="123456" />
	</dataHost>
</mycat:schema>
 